epoch,train_loss,val_loss,train_accuracy,train_f1,train_precision,train_recall,train_top3_acc,val_accuracy,val_f1,val_precision,val_recall,val_top3_acc
0,1.4514745473861694,1.5801489353179932,0.515429675579071,0.503579318523407,0.49792468547821045,0.515429675579071,0.7803571224212646,0.47410714626312256,0.4802740812301636,0.6384676694869995,0.47410714626312256,0.7861607074737549
1,1.003404974937439,2.666529655456543,0.6669921875,0.6608353853225708,0.6572898030281067,0.6669921875,0.8817801475524902,0.32834821939468384,0.26617807149887085,0.49073442816734314,0.32834821939468384,0.550000011920929
2,0.7793207764625549,4.800469398498535,0.7374442219734192,0.7339421510696411,0.7317758798599243,0.7374441623687744,0.9219865798950195,0.125,0.09303860366344452,0.4100017845630646,0.125,0.42834821343421936
3,0.6133216619491577,1.6794909238815308,0.7969028949737549,0.7950039505958557,0.7937156558036804,0.7969028949737549,0.9461774826049805,0.5357142686843872,0.5204741954803467,0.6492517590522766,0.5357142686843872,0.7904017567634583
4,0.49022582173347473,5.49297571182251,0.833984375,0.8328698873519897,0.8321585655212402,0.833984375,0.9622488617897034,0.20959821343421936,0.1693006157875061,0.41933396458625793,0.20959821343421936,0.5305803418159485
5,0.37655648589134216,1.673980951309204,0.8731584548950195,0.8725675344467163,0.8721460103988647,0.8731584548950195,0.9745256900787354,0.5455357432365417,0.5457898378372192,0.6952759027481079,0.545535683631897,0.815625011920929
6,0.2841431498527527,1.0929334163665771,0.9066406488418579,0.9063383340835571,0.9061211943626404,0.9066406488418579,0.9843471050262451,0.6499999761581421,0.6479860544204712,0.7028260231018066,0.6499999761581421,0.8627232313156128
7,0.2320508360862732,2.5638089179992676,0.9224888682365417,0.9223763942718506,0.9223059415817261,0.922488808631897,0.9883928298950195,0.46183034777641296,0.434568852186203,0.6339036226272583,0.46183037757873535,0.7301339507102966
8,0.1852196902036667,1.9281469583511353,0.9385881423950195,0.9384946823120117,0.9384377002716064,0.9385881423950195,0.9927176237106323,0.5741071701049805,0.5643774271011353,0.7516959309577942,0.5741071701049805,0.8254464268684387
9,0.14822910726070404,2.30319881439209,0.950390636920929,0.9503531455993652,0.9503328800201416,0.9503905773162842,0.9945033192634583,0.5549107193946838,0.5204314589500427,0.6897119879722595,0.5549107193946838,0.7714285850524902
10,0.13819478452205658,1.0126712322235107,0.9545480012893677,0.9545118808746338,0.9544912576675415,0.9545479416847229,0.9953683018684387,0.7421875,0.7377151846885681,0.7604668140411377,0.7421875,0.9290178418159485
11,0.11077067255973816,1.106122612953186,0.9634765386581421,0.9634659290313721,0.963468074798584,0.9634765386581421,0.9969587326049805,0.7270089387893677,0.733167290687561,0.7926768660545349,0.7270089387893677,0.9241071343421936
12,0.10552332550287247,5.524901866912842,0.9639508724212646,0.9639288187026978,0.9639188647270203,0.9639508724212646,0.9976841807365417,0.34575891494750977,0.3669818639755249,0.6807027459144592,0.34575891494750977,0.7741071581840515
13,0.09297534823417664,2.9968349933624268,0.9701730012893677,0.9701589345932007,0.9701520204544067,0.9701730012893677,0.9984933137893677,0.49687498807907104,0.500491738319397,0.6675858497619629,0.49687498807907104,0.7669642567634583
14,0.0888095274567604,1.0485055446624756,0.9709542393684387,0.9709466099739075,0.9709437489509583,0.9709542989730835,0.9985769987106323,0.7323660850524902,0.7355828285217285,0.7803757786750793,0.7323660850524902,0.9075892567634583
15,0.07687967270612717,0.9428983330726624,0.9750279188156128,0.9750195741653442,0.9750166535377502,0.9750279188156128,0.9984095692634583,0.770312488079071,0.7692691087722778,0.7983001470565796,0.770312488079071,0.9377232193946838
16,0.07058635354042053,1.45253324508667,0.9759207367897034,0.9759159088134766,0.9759145975112915,0.9759207963943481,0.9989955425262451,0.7100446224212646,0.6919451951980591,0.7804783582687378,0.7100446224212646,0.8832589387893677
17,0.07363054901361465,1.3571653366088867,0.9755301475524902,0.9755302667617798,0.9755346775054932,0.9755301475524902,0.9988002181053162,0.7087053656578064,0.7037872076034546,0.7694438695907593,0.7087053656578064,0.9033482074737549
18,0.07375869899988174,1.5929054021835327,0.9756138324737549,0.9756060838699341,0.9756026864051819,0.9756138324737549,0.9989118576049805,0.6805803775787354,0.6811960935592651,0.7365807890892029,0.6805803775787354,0.8870535492897034
19,0.05867999047040939,1.340261459350586,0.9805524349212646,0.9805539846420288,0.9805617928504944,0.9805524349212646,0.9992466568946838,0.7238839268684387,0.7135758996009827,0.7602672576904297,0.7238839268684387,0.9037946462631226
20,0.05872727185487747,1.344138503074646,0.9801618456840515,0.980158805847168,0.9801614880561829,0.9801617860794067,0.9991908669471741,0.7477678656578064,0.7422529458999634,0.7662042379379272,0.7477678060531616,0.9133928418159485
21,0.05584477633237839,1.4618330001831055,0.981640636920929,0.9816385507583618,0.9816388487815857,0.9816405773162842,0.9994419813156128,0.7292410731315613,0.7250175476074219,0.7716929316520691,0.7292410731315613,0.895312488079071
22,0.05331403389573097,1.283996343612671,0.9827008843421936,0.982694149017334,0.9826934337615967,0.9827009439468384,0.9995814561843872,0.7377232313156128,0.7285655736923218,0.7767969369888306,0.7377232313156128,0.9138392806053162
23,0.045134905725717545,1.0539368391036987,0.984179675579071,0.9841768741607666,0.9841808080673218,0.984179675579071,0.9996373057365417,0.7852678298950195,0.783496618270874,0.7962762117385864,0.7852678298950195,0.9388392567634583
24,0.05484231933951378,0.8923165798187256,0.981249988079071,0.9812474250793457,0.9812486171722412,0.9812500476837158,0.9994419813156128,0.807812511920929,0.8081504106521606,0.8169851899147034,0.807812511920929,0.9433035850524902
25,0.04305075481534004,0.9625251889228821,0.9844586849212646,0.9844598174095154,0.9844677448272705,0.9844586849212646,0.9996373057365417,0.778124988079071,0.7756778597831726,0.7899389266967773,0.778124988079071,0.9363839030265808
26,0.046912603080272675,1.9856667518615723,0.9837053418159485,0.9837037324905396,0.9837043881416321,0.9837054014205933,0.9995814561843872,0.6308035850524902,0.6274321675300598,0.7163897752761841,0.6308035850524902,0.8314732313156128
27,0.04141499474644661,1.4665398597717285,0.9858537912368774,0.9858503341674805,0.9858496785163879,0.9858537912368774,0.9995535612106323,0.7323660850524902,0.7274785041809082,0.7656650543212891,0.7323660850524902,0.9133928418159485
28,0.043004948645830154,0.9808393120765686,0.9848214387893677,0.9848216772079468,0.9848231077194214,0.9848214387893677,0.9997488856315613,0.7899553775787354,0.7902026772499084,0.8074951767921448,0.7899553775787354,0.9439732432365417
29,0.042072076350450516,1.3278586864471436,0.9854631423950195,0.9854629039764404,0.9854646921157837,0.9854631423950195,0.9996652007102966,0.7511160969734192,0.7537322044372559,0.7929892539978027,0.7511160373687744,0.9256696701049805
30,0.03764253854751587,1.6983928680419922,0.9866350293159485,0.9866377115249634,0.986643373966217,0.9866350889205933,0.9996093511581421,0.6950892806053162,0.6984280943870544,0.745055615901947,0.6950892806053162,0.8801339268684387
31,0.03883753716945648,1.0473564863204956,0.9864397048950195,0.9864422082901001,0.9864458441734314,0.9864397048950195,0.9997209906578064,0.7917410731315613,0.7894046306610107,0.8072999715805054,0.7917410731315613,0.9345982074737549
32,0.0360165573656559,1.4658048152923584,0.9869419932365417,0.9869415163993835,0.986941933631897,0.9869419932365417,0.9997767806053162,0.7254464030265808,0.7242511510848999,0.7784074544906616,0.7254464626312256,0.9055803418159485
33,0.030357323586940765,1.1485742330551147,0.9887834787368774,0.9887837767601013,0.988785982131958,0.9887834787368774,0.9998884201049805,0.7814732193946838,0.7763962149620056,0.8060054779052734,0.7814732193946838,0.9330357313156128
34,0.03981177136301994,1.2385358810424805,0.9857701063156128,0.9857684373855591,0.9857699871063232,0.9857701063156128,0.9995535612106323,0.7640625238418579,0.7648029327392578,0.790785551071167,0.7640625238418579,0.9198660850524902
35,0.029272375628352165,0.9443114995956421,0.9888113737106323,0.988808274269104,0.9888065457344055,0.9888113737106323,0.9996930956840515,0.8122767806053162,0.811522364616394,0.8170171976089478,0.8122768402099609,0.9444196224212646
36,0.031246136873960495,1.4392679929733276,0.9887555837631226,0.9887549877166748,0.9887553453445435,0.9887555837631226,0.9997488856315613,0.7450892925262451,0.7455468773841858,0.7889771461486816,0.7450892925262451,0.9267857074737549
37,0.03140205517411232,0.9306252598762512,0.9884207844734192,0.9884189367294312,0.9884201288223267,0.9884207248687744,0.9998604655265808,0.8185268044471741,0.816394031047821,0.8216040134429932,0.8185267448425293,0.9470981955528259
38,0.03083479404449463,0.8737854957580566,0.988476574420929,0.9884746074676514,0.9884750843048096,0.9884765148162842,0.999804675579071,0.8254464268684387,0.8227288722991943,0.8264780640602112,0.8254464268684387,0.9544642567634583
39,0.030052509158849716,1.3854602575302124,0.9888392686843872,0.9888367652893066,0.9888371229171753,0.9888392686843872,0.9997767806053162,0.7426339387893677,0.7379560470581055,0.7903397679328918,0.7426339387893677,0.9082589149475098
40,0.028211398050189018,1.0944961309432983,0.9894810318946838,0.9894801378250122,0.9894818067550659,0.9894810318946838,0.9997767806053162,0.7928571701049805,0.7928487062454224,0.8089112043380737,0.7928571105003357,0.9479910731315613
41,0.02898954413831234,1.1397254467010498,0.9884486794471741,0.9884473085403442,0.9884499311447144,0.9884486794471741,0.9997767806053162,0.7834821343421936,0.7858339548110962,0.8044511675834656,0.7834821343421936,0.9370535612106323
42,0.02706521563231945,0.9422656297683716,0.9899274706840515,0.9899250268936157,0.9899262189865112,0.9899274110794067,0.999804675579071,0.8147321343421936,0.8131523132324219,0.8178152441978455,0.8147320747375488,0.9428571462631226
43,0.028005370870232582,1.0550884008407593,0.9895368218421936,0.9895374178886414,0.9895390868186951,0.9895367622375488,0.9996652007102966,0.7993303537368774,0.7997404932975769,0.8071687817573547,0.7993303537368774,0.9412946701049805
44,0.029557475820183754,0.8811328411102295,0.9891182780265808,0.9891170263290405,0.989116907119751,0.9891182780265808,0.999804675579071,0.8279017806053162,0.8295804262161255,0.8346772193908691,0.8279017210006714,0.9544642567634583
45,0.01949372887611389,1.1767842769622803,0.9917131662368774,0.9917124509811401,0.9917148351669312,0.9917131662368774,0.9999442100524902,0.7607142925262451,0.7531223893165588,0.78704434633255,0.7607142925262451,0.9287946224212646
46,0.031380828469991684,1.087845802307129,0.9875558018684387,0.9875543117523193,0.9875537753105164,0.9875558018684387,0.9998325705528259,0.7939732074737549,0.7937658429145813,0.8016214370727539,0.7939732074737549,0.9448660612106323
47,0.024023864418268204,0.9286887049674988,0.990234375,0.9902348518371582,0.9902361631393433,0.990234375,0.9998325705528259,0.8145089149475098,0.8154212832450867,0.8232867121696472,0.8145089149475098,0.9540178775787354
48,0.022896718233823776,1.2938172817230225,0.9911830425262451,0.9911820888519287,0.9911832809448242,0.9911830425262451,0.9999163150787354,0.7779017686843872,0.7805396318435669,0.8051755428314209,0.7779017686843872,0.9348214268684387
49,0.02431480772793293,0.9773524403572083,0.9901506900787354,0.9901511669158936,0.9901525378227234,0.9901506900787354,0.9997767806053162,0.8254464268684387,0.8261673450469971,0.833635687828064,0.8254464268684387,0.9502232074737549
50,0.02736855112016201,1.0524719953536987,0.9893414974212646,0.9893403053283691,0.9893413782119751,0.9893414974212646,0.9997767806053162,0.8029018044471741,0.8037337064743042,0.8078278303146362,0.8029017448425293,0.9399553537368774
51,0.02121938392519951,0.9516451358795166,0.9912109375,0.9912111759185791,0.9912123680114746,0.9912109375,0.9997767806053162,0.8207589387893677,0.8215193748474121,0.8252928256988525,0.8207589387893677,0.9506696462631226
52,0.02771121822297573,1.3462451696395874,0.9895368218421936,0.989535391330719,0.9895356297492981,0.9895368814468384,0.999804675579071,0.7694196701049805,0.7717851400375366,0.7930575013160706,0.7694196701049805,0.9316964149475098
53,0.019717149436473846,1.1182012557983398,0.9916294813156128,0.9916297197341919,0.9916318655014038,0.991629421710968,0.9998884201049805,0.7977678775787354,0.7899069786071777,0.8032636046409607,0.7977678775787354,0.9357143044471741
54,0.022608967497944832,1.8693697452545166,0.9905691742897034,0.9905670881271362,0.9905674457550049,0.9905691742897034,0.999804675579071,0.7263392806053162,0.7129837274551392,0.7602213621139526,0.7263393402099609,0.8895089030265808
55,0.02128860540688038,1.1232682466506958,0.9911830425262451,0.9911839962005615,0.9911864995956421,0.9911830425262451,0.9999442100524902,0.8080357313156128,0.8035076856613159,0.8143647313117981,0.808035671710968,0.9390624761581421
56,0.020636998116970062,1.0482970476150513,0.9914341568946838,0.991432249546051,0.991431713104248,0.9914341568946838,0.9999163150787354,0.8207589387893677,0.8171816468238831,0.8206791281700134,0.8207589387893677,0.9497767686843872
57,0.02185176871716976,0.9206559062004089,0.9908202886581421,0.9908198118209839,0.9908199310302734,0.9908202886581421,0.9998604655265808,0.8408482074737549,0.8396124243736267,0.8431755304336548,0.8408482074737549,0.9549106955528259
58,0.019855782389640808,1.1540569067001343,0.9920200705528259,0.9920198917388916,0.9920201897621155,0.9920201301574707,0.9999163150787354,0.8082589507102966,0.806623101234436,0.8132040500640869,0.8082589507102966,0.9448660612106323
59,0.020494934171438217,1.233769416809082,0.9916852712631226,0.9916843771934509,0.9916855096817017,0.9916852712631226,0.9998604655265808,0.7919642925262451,0.790389895439148,0.8044953346252441,0.7919642925262451,0.9417410492897034
60,0.019947215914726257,1.2283868789672852,0.9918248057365417,0.9918237924575806,0.991824209690094,0.9918248057365417,0.9999442100524902,0.7984374761581421,0.7986848950386047,0.8138717412948608,0.7984375357627869,0.9392856955528259
61,0.024269811809062958,1.1220781803131104,0.9902064800262451,0.9902048110961914,0.9902059435844421,0.9902064800262451,0.9998884201049805,0.823437511920929,0.8203380107879639,0.8264119625091553,0.8234374523162842,0.9486607313156128
62,0.01394487265497446,1.0588380098342896,0.9933872818946838,0.9933871626853943,0.9933888912200928,0.9933873414993286,0.9999442100524902,0.8272321224212646,0.8249169588088989,0.8315377831459045,0.8272321224212646,0.9470981955528259
63,0.02043050527572632,1.0406192541122437,0.9910435080528259,0.9910435080528259,0.9910451173782349,0.9910435676574707,0.999804675579071,0.8185268044471741,0.8171596527099609,0.8214738368988037,0.8185268044471741,0.9553571343421936
64,0.016762711107730865,1.0226162672042847,0.9927455186843872,0.9927461743354797,0.9927483797073364,0.9927455186843872,0.9999163150787354,0.8232142925262451,0.821792721748352,0.8249709606170654,0.8232142925262451,0.9522321224212646
65,0.02029993012547493,1.158958911895752,0.9913504719734192,0.9913495779037476,0.9913498163223267,0.9913504123687744,0.9998604655265808,0.8149553537368774,0.8115077018737793,0.8158165216445923,0.8149553537368774,0.9426339268684387
66,0.019923245534300804,1.265325665473938,0.9919642806053162,0.9919648170471191,0.9919670224189758,0.9919642806053162,0.9998325705528259,0.7950893044471741,0.7937254905700684,0.8036997318267822,0.7950892448425293,0.9348214268684387
67,0.018809843808412552,1.0918493270874023,0.9920479655265808,0.9920474290847778,0.9920482635498047,0.9920480251312256,0.9999163150787354,0.8205357193946838,0.8171258568763733,0.8243834376335144,0.8205357193946838,0.9415178298950195
68,0.015522999688982964,1.1903964281082153,0.9931361675262451,0.9931361079216003,0.9931373596191406,0.9931361675262451,0.9999163150787354,0.7997767925262451,0.7980512976646423,0.805522084236145,0.7997767925262451,0.9397321343421936
69,0.01833570934832096,1.4346113204956055,0.9918527007102966,0.9918519258499146,0.991855263710022,0.9918526411056519,0.9999442100524902,0.7674106955528259,0.7641376256942749,0.7851143479347229,0.7674106955528259,0.9276785850524902
70,0.020304564386606216,0.973650336265564,0.9915736317634583,0.9915752410888672,0.9915789365768433,0.991573691368103,0.9997488856315613,0.8254464268684387,0.8247171640396118,0.8269450664520264,0.8254464268684387,0.9475446343421936
71,0.016154788434505463,1.344412922859192,0.9929966330528259,0.992996871471405,0.9929985404014587,0.9929965734481812,0.9999442100524902,0.7839285731315613,0.7816609144210815,0.8053317070007324,0.7839285731315613,0.9350446462631226
72,0.017872026190161705,1.3712995052337646,0.9924386143684387,0.9924384355545044,0.9924402832984924,0.9924386143684387,0.9999163150787354,0.7962053418159485,0.7942156195640564,0.8090617656707764,0.7962053418159485,0.9337053298950195
73,0.0175918098539114,1.206092357635498,0.9926618337631226,0.9926623106002808,0.9926639199256897,0.9926618337631226,0.9999163150787354,0.8051339387893677,0.8028868436813354,0.8161826133728027,0.8051339387893677,0.9395089149475098
74,0.015839427709579468,1.0296579599380493,0.992968738079071,0.9929682016372681,0.9929693937301636,0.9929687976837158,0.9999163150787354,0.8354910612106323,0.8334687352180481,0.8372592926025391,0.8354910612106323,0.9475446343421936
75,0.01500589307397604,1.7507599592208862,0.9936383962631226,0.9936395883560181,0.9936431646347046,0.9936383962631226,0.9999721050262451,0.7131696343421936,0.7142349481582642,0.7583514451980591,0.7131696343421936,0.9040178656578064
76,0.020411323755979538,1.3093035221099854,0.9910435080528259,0.9910421967506409,0.9910454750061035,0.9910435080528259,0.9998884201049805,0.7991071343421936,0.798499345779419,0.8135034441947937,0.7991070747375488,0.9397321343421936
77,0.016078634187579155,1.0066419839859009,0.9928013682365417,0.9928014278411865,0.9928032159805298,0.9928013682365417,0.9998604655265808,0.8267857432365417,0.8266080617904663,0.8309791088104248,0.826785683631897,0.9515625238418579
78,0.01681319996714592,1.012312650680542,0.9926618337631226,0.992662250995636,0.9926632046699524,0.9926618337631226,0.9998884201049805,0.8270089030265808,0.8231461048126221,0.8251293897628784,0.8270089626312256,0.9453125
79,0.01981271803379059,1.129368782043457,0.9912946224212646,0.9912956953048706,0.9912980794906616,0.9912946224212646,0.9999442100524902,0.8158482313156128,0.8142382502555847,0.8198364973068237,0.8158482313156128,0.9424107074737549
80,0.0168889369815588,0.926973283290863,0.9923270344734192,0.9923261404037476,0.9923272132873535,0.9923269748687744,0.9998604655265808,0.8399553298950195,0.8387371897697449,0.8393548727035522,0.8399553298950195,0.9526785612106323
81,0.01551643293350935,0.9532398581504822,0.9930245280265808,0.9930237531661987,0.9930235147476196,0.9930245280265808,0.9998604655265808,0.8441964387893677,0.8440212607383728,0.8470531702041626,0.8441964387893677,0.9573660492897034
82,0.014043180271983147,1.2059738636016846,0.9935267567634583,0.9935266375541687,0.9935281872749329,0.993526816368103,0.9999442100524902,0.8187500238418579,0.8169829845428467,0.8263901472091675,0.8187500238418579,0.9464285969734192
83,0.015969902276992798,1.0505764484405518,0.9929129481315613,0.9929126501083374,0.9929133057594299,0.9929129481315613,0.999804675579071,0.8223214149475098,0.8216979503631592,0.8239823579788208,0.8223214149475098,0.9457589387893677
84,0.016106560826301575,1.4538167715072632,0.9930524826049805,0.9930523633956909,0.9930531978607178,0.9930524826049805,0.9998884201049805,0.776562511920929,0.781132698059082,0.8094339966773987,0.776562511920929,0.9256696701049805
85,0.017882755026221275,1.276574730873108,0.9922432899475098,0.9922433495521545,0.9922444820404053,0.9922433495521545,0.9999442100524902,0.8013392686843872,0.7987083196640015,0.8145235776901245,0.8013392686843872,0.9404017925262451
86,0.014459431171417236,1.1129424571990967,0.9928013682365417,0.9928019046783447,0.9928032159805298,0.9928013682365417,0.9999442100524902,0.8200892806053162,0.8173626661300659,0.8212596774101257,0.8200893402099609,0.9495535492897034
87,0.014683867804706097,1.232622742652893,0.9936105012893677,0.9936106204986572,0.9936120510101318,0.9936105012893677,0.9999442100524902,0.8147321343421936,0.8116174936294556,0.8235504031181335,0.8147321939468384,0.9424107074737549
88,0.016716662794351578,1.029951572418213,0.992968738079071,0.9929690361022949,0.9929722547531128,0.9929686784744263,0.9998325705528259,0.8345982432365417,0.8314672112464905,0.8393402099609375,0.834598183631897,0.9479910731315613
89,0.012013298459351063,1.0328655242919922,0.994140625,0.9941411018371582,0.9941420555114746,0.994140625,0.9999721050262451,0.8323660492897034,0.8308321237564087,0.8341490030288696,0.8323660492897034,0.9491071701049805
90,0.018672462552785873,1.086940884590149,0.9918805956840515,0.9918804168701172,0.9918818473815918,0.9918806552886963,0.9999163150787354,0.8301339149475098,0.8263570070266724,0.8330178260803223,0.8301339149475098,0.9437500238418579
91,0.010955296456813812,1.367004156112671,0.9944754242897034,0.9944748878479004,0.9944747090339661,0.9944754838943481,0.9999721050262451,0.7953125238418579,0.7955237627029419,0.8093962669372559,0.7953124642372131,0.9397321343421936
92,0.017380597069859505,1.0930947065353394,0.9921875,0.9921867847442627,0.9921877384185791,0.9921875,0.9999163150787354,0.8296874761581421,0.8259098529815674,0.8262706995010376,0.8296874761581421,0.9477678537368774
93,0.012940553948283195,1.0453622341156006,0.9940290451049805,0.9940285682678223,0.9940298795700073,0.9940290451049805,0.9999721050262451,0.832812488079071,0.831045389175415,0.8330660462379456,0.8328124284744263,0.9537946581840515
94,0.011830543167889118,1.104162335395813,0.9940569400787354,0.9940561056137085,0.9940576553344727,0.9940569400787354,0.9999163150787354,0.8272321224212646,0.8260151743888855,0.8287171125411987,0.8272321224212646,0.9533482193946838
95,0.017383703961968422,1.43900728225708,0.9921317100524902,0.9921307563781738,0.992133378982544,0.9921317100524902,0.9999442100524902,0.7631696462631226,0.7660634517669678,0.7991721630096436,0.7631696462631226,0.9279018044471741
96,0.011163772083818913,1.1921466588974,0.9942801594734192,0.9942797422409058,0.9942831993103027,0.9942800998687744,0.9999163150787354,0.8189732432365417,0.8154945969581604,0.8189991116523743,0.818973183631897,0.9426339268684387
97,0.015018245205283165,1.0822163820266724,0.9932198524475098,0.9932197332382202,0.9932202696800232,0.9932199120521545,0.9999163150787354,0.8225446343421936,0.8211053013801575,0.8274545669555664,0.8225446343421936,0.9491071701049805
98,0.012815865688025951,1.0247782468795776,0.9939731955528259,0.9939731359481812,0.9939737915992737,0.9939731359481812,0.9999442100524902,0.8357142806053162,0.8344608545303345,0.8364506959915161,0.8357142806053162,0.9546874761581421
99,0.0160965658724308,1.1077829599380493,0.992968738079071,0.992969274520874,0.9929704070091248,0.992968738079071,0.9999442100524902,0.8272321224212646,0.8259649276733398,0.8264443874359131,0.8272321224212646,0.9475446343421936
